codigomuestra,parcela,usuarioident,fechacreacionident,fechaenvioident,idodkident,fechaidentificacion,identificadores,otrosidentificadores,idparentalidentificaciones,identificaciones
P1M3,p1,uid:dahianagb07|2019-08-27T17:29:46.698583Z,2019-09-26T17:42:39Z,2019-09-26T17:42:39Z,uuid:9833e53b-0fb0-4866-860e-91a72c8d7eb5,2019-09-26,"dgb,otra",El tali,uuid:9833e53b-0fb0-4866-860e-91a72c8d7eb5,pheidolesp
P27M2,p27,uid:dahianagb07|2019-08-27T17:29:46.698583Z,2019-09-26T17:42:39Z,2019-09-26T17:42:39Z,uuid:a09b4476-29aa-45b7-bee6-d9bcd8bf2ab1,2019-09-26,"dgb,otra",El tali,uuid:a09b4476-29aa-45b7-bee6-d9bcd8bf2ab1,"pheidolesp,solenopsissp"
P1M2,p1,uid:dahianagb07|2019-08-27T17:29:46.698583Z,2019-09-26T17:42:40Z,2019-09-26T17:42:40Z,uuid:85a9f5da-78f8-4823-ba71-240693f2613d,2019-09-26,"dgb,otra",El tali,uuid:85a9f5da-78f8-4823-ba71-240693f2613d,paratrechinasp
P25M3,p25,uid:dahianagb07|2019-08-27T17:29:46.698583Z,2019-10-02T14:17:51Z,2019-10-02T14:17:51Z,uuid:cbc8e427-7d09-4928-b437-803131ef6673,2019-10-02,dgb,NULL,uuid:cbc8e427-7d09-4928-b437-803131ef6673,solenopsissp
P1M1,p1,uid:dahianagb07|2019-08-27T17:29:46.698583Z,2019-10-02T14:17:51Z,2019-10-02T14:17:51Z,uuid:6f4ab141-d70b-4a92-909e-aaf7c5ddfca6,2019-10-02,dgb,NULL,uuid:6f4ab141-d70b-4a92-909e-aaf7c5ddfca6,paratrechinasp
P10M2,p10,uid:dahianagb07|2019-08-27T17:29:46.698583Z,2019-10-02T14:17:51Z,2019-10-02T14:17:51Z,uuid:e099700b-ba60-47da-b18a-3306c34a5416,2019-10-02,dgb,NULL,uuid:e099700b-ba60-47da-b18a-3306c34a5416,solenopsissp
P27M1,p27,uid:dahianagb07|2019-08-27T17:29:46.698583Z,2019-10-02T14:17:52Z,2019-10-02T14:17:52Z,uuid:ee61b671-fd14-48d1-9843-3268edf24de8,2019-10-02,dgb,NULL,uuid:ee61b671-fd14-48d1-9843-3268edf24de8,solenopsissp
P10M1,p10,uid:dahianagb07|2019-08-27T17:29:46.698583Z,2019-10-02T14:17:52Z,2019-10-02T14:17:52Z,uuid:fe6256eb-00f5-43c7-a2bb-09d59a964c30,2019-10-02,dgb,NULL,uuid:fe6256eb-00f5-43c7-a2bb-09d59a964c30,dorymyrmexsp
P25M1,p25,uid:dahianagb07|2019-08-27T17:29:46.698583Z,2019-10-02T14:17:53Z,2019-10-02T14:17:53Z,uuid:00fc68f2-ff88-471f-9012-502c126e3af6,2019-10-02,dgb,NULL,uuid:00fc68f2-ff88-471f-9012-502c126e3af6,solenopsissp
P25M2,p25,uid:dahianagb07|2019-08-27T17:29:46.698583Z,2019-10-02T14:17:53Z,2019-10-02T14:17:53Z,uuid:62e236ac-9b2c-4244-8149-8c88077e72b3,2019-10-02,dgb,NULL,uuid:62e236ac-9b2c-4244-8149-8c88077e72b3,pheidolesp
P10M3,p10,uid:dahianagb07|2019-08-27T17:29:46.698583Z,2019-10-02T14:17:54Z,2019-10-02T14:17:54Z,uuid:5e76d094-8f22-4060-9825-c7bf3c3027a8,2019-10-02,dgb,NULL,uuid:5e76d094-8f22-4060-9825-c7bf3c3027a8,paratrechinasp
P78M1,p78,uid:dahianagb07|2019-08-27T17:29:46.698583Z,2019-10-02T14:17:54Z,2019-10-02T14:17:54Z,uuid:60063602-c4d4-4b31-acd7-db3ae28b451e,2019-10-02,dgb,NULL,uuid:60063602-c4d4-4b31-acd7-db3ae28b451e,dorymyrmexsp
P163M2,p163,uid:dahianagb07|2019-08-27T17:29:46.698583Z,2019-10-02T14:17:55Z,2019-10-02T14:17:55Z,uuid:f6c16c33-db50-43d0-a5b9-7b5bbeb37d02,2019-10-02,dgb,NULL,uuid:f6c16c33-db50-43d0-a5b9-7b5bbeb37d02,paratrechinasp
P70M1,p70,uid:dahianagb07|2019-08-27T17:29:46.698583Z,2019-10-02T14:17:55Z,2019-10-02T14:17:55Z,uuid:1e2128c5-fbb9-4955-8f5a-0f879635ff31,2019-10-02,dgb,NULL,uuid:1e2128c5-fbb9-4955-8f5a-0f879635ff31,dorymyrmexsp
P148M1,p148,uid:dahianagb07|2019-08-27T17:29:46.698583Z,2019-10-02T14:17:56Z,2019-10-02T14:17:56Z,uuid:5ebecff3-7640-4105-b4d1-d42c5b9aa308,2019-10-02,dgb,NULL,uuid:5ebecff3-7640-4105-b4d1-d42c5b9aa308,pheidolesp
P147M1,p147,uid:dahianagb07|2019-08-27T17:29:46.698583Z,2019-10-02T14:17:56Z,2019-10-02T14:17:56Z,uuid:9b14c311-f16f-4b23-b39c-c3020c3657d2,2019-10-02,dgb,NULL,uuid:9b14c311-f16f-4b23-b39c-c3020c3657d2,pheidolesp
P147M2,p147,uid:dahianagb07|2019-08-27T17:29:46.698583Z,2019-10-02T14:17:56Z,2019-10-02T14:17:56Z,uuid:eaf3b2bf-1d15-43be-a368-fe1e42e07203,2019-10-02,dgb,NULL,uuid:eaf3b2bf-1d15-43be-a368-fe1e42e07203,dorymyrmexsp
P163M1,p163,uid:dahianagb07|2019-08-27T17:29:46.698583Z,2019-10-02T14:17:57Z,2019-10-02T14:17:57Z,uuid:fb13ff12-e482-4a79-9201-2ad507ebce68,2019-10-02,dgb,NULL,uuid:fb13ff12-e482-4a79-9201-2ad507ebce68,solenopsissp
P70M3,p70,uid:dahianagb07|2019-08-27T17:29:46.698583Z,2019-10-02T14:17:58Z,2019-10-02T14:17:58Z,uuid:002683f0-4227-47de-a35f-2769ace230a5,2019-10-02,dgb,NULL,uuid:002683f0-4227-47de-a35f-2769ace230a5,solenopsissp
P42M2,p42,uid:dahianagb07|2019-08-27T17:29:46.698583Z,2019-10-02T14:17:58Z,2019-10-02T14:17:58Z,uuid:4b3bca7b-b32a-4d12-93d3-de7b297b0b5d,2019-10-02,dgb,NULL,uuid:4b3bca7b-b32a-4d12-93d3-de7b297b0b5d,dorymyrmexsp
P42M1,p42,uid:dahianagb07|2019-08-27T17:29:46.698583Z,2019-10-02T14:17:58Z,2019-10-02T14:17:58Z,uuid:956856ca-c4c7-4bed-9246-571c326fb4c8,2019-10-02,dgb,NULL,uuid:956856ca-c4c7-4bed-9246-571c326fb4c8,solenopsissp
PN42M3,p42,uid:enrique193|2019-08-27T17:32:44.132698Z,2019-10-02T14:55:52Z,2019-10-02T14:55:52Z,uuid:4389ecc0-2d00-429f-a094-75203825a38a,2019-10-02,eagv,NULL,uuid:4389ecc0-2d00-429f-a094-75203825a38a,solenopsissp
PN42M1,p42,uid:enrique193|2019-08-27T17:32:44.132698Z,2019-10-02T15:21:16Z,2019-10-02T15:21:16Z,uuid:96b215fd-0a6f-4f96-9e18-8582205aca2a,2019-10-02,eagv,NULL,uuid:96b215fd-0a6f-4f96-9e18-8582205aca2a,"monomoriumsp,solenopsissp"
PN42M2,p42,uid:enrique193|2019-08-27T17:32:44.132698Z,2019-10-02T16:29:37Z,2019-10-02T16:29:37Z,uuid:17227113-7725-4f02-bbd3-1e1aadf8f084,2019-10-02,eagv,NULL,uuid:17227113-7725-4f02-bbd3-1e1aadf8f084,solenopsissp
PN21M2,p21,uid:enrique193|2019-08-27T17:32:44.132698Z,2019-10-02T16:29:37Z,2019-10-02T16:29:37Z,uuid:9ea67257-64e2-47af-9718-b41b5f4bcfdb,2019-10-02,eagv,NULL,uuid:9ea67257-64e2-47af-9718-b41b5f4bcfdb,monomoriumsp
PN22M1,p22,uid:enrique193|2019-08-27T17:32:44.132698Z,2019-10-02T16:29:37Z,2019-10-02T16:29:37Z,uuid:a996f1a9-fe0b-423b-ba86-8f32dfac98d3,2019-10-02,eagv,NULL,uuid:a996f1a9-fe0b-423b-ba86-8f32dfac98d3,monomoriumsp
PN42M4,p42,uid:enrique193|2019-08-27T17:32:44.132698Z,2019-10-02T16:29:37Z,2019-10-02T16:29:37Z,uuid:4809e5b2-999d-4f21-b74e-bbbdff0db35e,2019-10-02,eagv,NULL,uuid:4809e5b2-999d-4f21-b74e-bbbdff0db35e,paratrechinasp
PN21M1,p21,uid:enrique193|2019-08-27T17:32:44.132698Z,2019-10-02T16:29:38Z,2019-10-02T16:29:38Z,uuid:02692c86-9866-4380-bae8-5c7658934b57,2019-10-02,eagv,NULL,uuid:02692c86-9866-4380-bae8-5c7658934b57,solenopsissp
P70M2,p70,uid:dahianagb07|2019-08-27T17:29:46.698583Z,2019-10-02T18:07:49Z,2019-10-02T18:07:49Z,uuid:512ed2f7-effc-4ea5-a914-1f28a75ccf2e,2019-10-02,dgb,NULL,uuid:512ed2f7-effc-4ea5-a914-1f28a75ccf2e,solenopsissp
20190927B1,p182,uid:bidelkiscastillo|2019-08-27T17:29:46.697501Z,2019-10-16T21:56:48Z,2019-10-16T21:56:48Z,uuid:40af017e-3e55-4ce0-bd96-2d37bf0adae4,2019-10-16,bacs,NULL,uuid:40af017e-3e55-4ce0-bd96-2d37bf0adae4,"dorymyrmexsp,pheidolesp"
20190928B2,p105,uid:bidelkiscastillo|2019-08-27T17:29:46.697501Z,2019-10-16T21:56:48Z,2019-10-16T21:56:48Z,uuid:90278726-0e67-4aff-91f5-657416443979,2019-10-16,bacs,NULL,uuid:90278726-0e67-4aff-91f5-657416443979,paratrechinasp
20191012B5,p17,uid:bidelkiscastillo|2019-08-27T17:29:46.697501Z,2019-10-16T21:56:49Z,2019-10-16T21:56:49Z,uuid:d185eb2c-b9ae-43f4-a72d-c55ce20cb82f,2019-10-16,bacs,NULL,uuid:d185eb2c-b9ae-43f4-a72d-c55ce20cb82f,solenopsissp
20190928B3,p169,uid:bidelkiscastillo|2019-08-27T17:29:46.697501Z,2019-10-16T21:56:49Z,2019-10-16T21:56:49Z,uuid:785b0a63-f3b9-4331-9839-69e578ca43be,2019-10-16,bacs,NULL,uuid:785b0a63-f3b9-4331-9839-69e578ca43be,"dorymyrmexsp,reina(s)"
20190928B4,p122,uid:bidelkiscastillo|2019-08-27T17:29:46.697501Z,2019-10-16T21:56:49Z,2019-10-16T21:56:49Z,uuid:a842255c-d3aa-4402-9448-6bcf8805d78f,2019-10-16,bacs,NULL,uuid:a842255c-d3aa-4402-9448-6bcf8805d78f,dorymyrmexsp
20191012B6,p53,uid:bidelkiscastillo|2019-08-27T17:29:46.697501Z,2019-10-16T21:56:50Z,2019-10-16T21:56:50Z,uuid:d55a1deb-60c5-4e1a-9326-1cbe00ba2982,2019-10-16,bacs,NULL,uuid:d55a1deb-60c5-4e1a-9326-1cbe00ba2982,"pseudomyrmexsp,solenopsissp"
20191012B7,p39,uid:bidelkiscastillo|2019-08-27T17:29:46.697501Z,2019-10-16T21:56:50Z,2019-10-16T21:56:50Z,uuid:ae8af103-6943-4865-97d2-754edf99897b,2019-10-16,bacs,NULL,uuid:ae8af103-6943-4865-97d2-754edf99897b,dorymyrmexsp
20191014B8,p160,uid:bidelkiscastillo|2019-08-27T17:29:46.697501Z,2019-10-16T21:56:50Z,2019-10-16T21:56:50Z,uuid:8fa8cc2e-e7a2-4714-a25c-6cf34428471d,2019-10-16,bacs,NULL,uuid:8fa8cc2e-e7a2-4714-a25c-6cf34428471d,dorymyrmexsp
20191014B9,p78,uid:bidelkiscastillo|2019-08-27T17:29:46.697501Z,2019-10-16T21:56:50Z,2019-10-16T21:56:50Z,uuid:09ddaca1-4aa4-4f5a-a41b-71db57295ae0,2019-10-16,bacs,NULL,uuid:09ddaca1-4aa4-4f5a-a41b-71db57295ae0,dorymyrmexsp
20191014B10,p187,uid:bidelkiscastillo|2019-08-27T17:29:46.697501Z,2019-10-16T21:56:51Z,2019-10-16T21:56:51Z,uuid:fa052fb7-a738-46f6-8024-fe7965048321,2019-10-16,bacs,NULL,uuid:fa052fb7-a738-46f6-8024-fe7965048321,"dorymyrmexsp,paratrechinasp"
20191014M07,p97,uid:emdilone|2019-08-29T15:45:41.211906Z,2019-10-17T16:26:45Z,2019-10-17T16:26:45Z,uuid:75625987-c772-4c24-bd53-e7bdd23a6638,2019-10-17,emdr,NULL,uuid:75625987-c772-4c24-bd53-e7bdd23a6638,"brachymyrmexsp,monomoriumsp,pheidolesp"
20190927M01,p182,uid:emdilone|2019-08-29T15:45:41.211906Z,2019-10-17T18:43:26Z,2019-10-17T18:43:26Z,uuid:adb97e47-01f7-4c47-bfb0-1f9c0105fdda,2019-10-17,emdr,NULL,uuid:adb97e47-01f7-4c47-bfb0-1f9c0105fdda,"dorymyrmexsp,monomoriumsp,pheidolesp"
PN166M3,p166,uid:enrique193|2019-08-27T17:32:44.132698Z,2019-10-17T21:24:16Z,2019-10-17T21:24:16Z,uuid:f2a74eeb-8a5d-4a0e-b81a-ad8d77cbb23a,2019-10-17,eagv,NULL,uuid:f2a74eeb-8a5d-4a0e-b81a-ad8d77cbb23a,solenopsissp
PN167M2,p167,uid:enrique193|2019-08-27T17:32:44.132698Z,2019-10-17T21:24:16Z,2019-10-17T21:24:16Z,uuid:2aeb4995-2934-487c-ba9d-c6cc5dee241b,2019-10-17,eagv,NULL,uuid:2aeb4995-2934-487c-ba9d-c6cc5dee241b,solenopsissp
PN166M4,p166,uid:enrique193|2019-08-27T17:32:44.132698Z,2019-10-17T21:24:16Z,2019-10-17T21:24:16Z,uuid:0b1a3b4d-f431-4660-aac8-00a3ef2f9d9e,2019-10-17,eagv,NULL,uuid:0b1a3b4d-f431-4660-aac8-00a3ef2f9d9e,solenopsissp
PN151M1,p151,uid:enrique193|2019-08-27T17:32:44.132698Z,2019-10-17T21:24:17Z,2019-10-17T21:24:17Z,uuid:7de5905f-bb29-4467-bdc2-a464d5ca04e2,2019-10-17,eagv,NULL,uuid:7de5905f-bb29-4467-bdc2-a464d5ca04e2,paratrechinasp
PN77M1,p77,uid:enrique193|2019-08-27T17:32:44.132698Z,2019-10-17T21:24:17Z,2019-10-17T21:24:17Z,uuid:b05010be-0ea9-4a1f-b939-82cd7651ed73,2019-10-17,eagv,NULL,uuid:b05010be-0ea9-4a1f-b939-82cd7651ed73,solenopsissp
PN167M3,p167,uid:enrique193|2019-08-27T17:32:44.132698Z,2019-10-17T21:24:17Z,2019-10-17T21:24:17Z,uuid:b68b506b-7410-411e-9be8-d72ae804ff20,2019-10-17,eagv,NULL,uuid:b68b506b-7410-411e-9be8-d72ae804ff20,monomoriumsp
PN166M2,p166,uid:enrique193|2019-08-27T17:32:44.132698Z,2019-10-17T21:24:17Z,2019-10-17T21:24:17Z,uuid:6d132bf2-eaf8-4d94-8f82-cd3836858dbd,2019-10-17,eagv,NULL,uuid:6d132bf2-eaf8-4d94-8f82-cd3836858dbd,solenopsissp
PN166M1,p166,uid:enrique193|2019-08-27T17:32:44.132698Z,2019-10-17T21:24:18Z,2019-10-17T21:24:18Z,uuid:4d6de643-e0ab-406a-b6d7-9de7bc42bb18,2019-10-17,eagv,NULL,uuid:4d6de643-e0ab-406a-b6d7-9de7bc42bb18,paratrechinasp
PN151M2,p151,uid:enrique193|2019-08-27T17:32:44.132698Z,2019-10-17T21:24:18Z,2019-10-17T21:24:18Z,uuid:073ea94d-4812-485c-b346-842e80f1f106,2019-10-17,eagv,NULL,uuid:073ea94d-4812-485c-b346-842e80f1f106,paratrechinasp
PN86M1,p86,uid:enrique193|2019-08-27T17:32:44.132698Z,2019-10-17T21:27:51Z,2019-10-17T21:27:51Z,uuid:46845763-85ed-4f0a-b963-4d8bb4515a64,2019-10-17,eagv,NULL,uuid:46845763-85ed-4f0a-b963-4d8bb4515a64,solenopsissp
PN167M1,p167,uid:enrique193|2019-08-27T17:32:44.132698Z,2019-10-17T21:40:31Z,2019-10-17T21:40:31Z,uuid:f36de337-95c7-48a1-a8cb-68ef51c8a2ce,2019-10-17,eagv,NULL,uuid:f36de337-95c7-48a1-a8cb-68ef51c8a2ce,solenopsissp
20191410k9.2,p78,uid:maritzafg|2019-08-27T17:32:44.140548Z,2019-10-31T14:26:54Z,2019-10-31T14:26:54Z,uuid:44154a6c-5daf-48ee-a56c-2f555cbfe5c2,2019-10-18,kmfg,NULL,uuid:44154a6c-5daf-48ee-a56c-2f555cbfe5c2,"dorymyrmexsp,pheidolesp"
20191410k11.1,p27,uid:maritzafg|2019-08-27T17:32:44.140548Z,2019-10-31T14:51:13Z,2019-10-31T14:51:13Z,uuid:5333ff5a-2227-4783-bb7f-e3107c82ac84,2019-10-31,kmfg,NULL,uuid:5333ff5a-2227-4783-bb7f-e3107c82ac84,solenopsissp
20191410k11.2,p27,uid:maritzafg|2019-08-27T17:32:44.140548Z,2019-10-31T14:51:14Z,2019-10-31T14:51:14Z,uuid:98cf39c6-ba65-4339-b9d2-14842d883fbf,2019-10-31,kmfg,NULL,uuid:98cf39c6-ba65-4339-b9d2-14842d883fbf,brachymyrmexsp
20191410k11.3,p27,uid:maritzafg|2019-08-27T17:32:44.140548Z,2019-10-31T14:51:14Z,2019-10-31T14:51:14Z,uuid:d38d1de6-775a-4f34-a1bb-4f86f28fbe65,2019-10-31,kmfg,NULL,uuid:d38d1de6-775a-4f34-a1bb-4f86f28fbe65,brachymyrmexsp
20191410k11.4,p27,uid:maritzafg|2019-08-27T17:32:44.140548Z,2019-10-31T14:51:14Z,2019-10-31T14:51:14Z,uuid:6c3e5d6d-7396-45f6-899a-1bf7444e9711,2019-10-31,kmfg,NULL,uuid:6c3e5d6d-7396-45f6-899a-1bf7444e9711,dorymyrmexsp
20191410k11.5,p27,uid:maritzafg|2019-08-27T17:32:44.140548Z,2019-10-31T14:51:14Z,2019-10-31T14:51:14Z,uuid:f4d1274f-09cb-4d14-a271-a1e1c33abc23,2019-10-31,kmfg,NULL,uuid:f4d1274f-09cb-4d14-a271-a1e1c33abc23,dorymyrmexsp
20191410k11.6,p27,uid:maritzafg|2019-08-27T17:32:44.140548Z,2019-10-31T14:51:15Z,2019-10-31T14:51:15Z,uuid:1775291a-4d2f-4e84-82b7-6f4d3e28dfe8,2019-10-31,kmfg,NULL,uuid:1775291a-4d2f-4e84-82b7-6f4d3e28dfe8,solenopsissp
20191410k11.7,p27,uid:maritzafg|2019-08-27T17:32:44.140548Z,2019-10-31T14:51:15Z,2019-10-31T14:51:15Z,uuid:28a318fb-93e1-4b20-9b9f-55c5f4e1453c,2019-10-31,kmfg,NULL,uuid:28a318fb-93e1-4b20-9b9f-55c5f4e1453c,brachymyrmexsp
20191013k7.1,p179,uid:maritzafg|2019-08-27T17:32:44.140548Z,2019-10-31T14:54:08Z,2019-10-31T14:54:08Z,uuid:3cf256c4-be3f-4e39-adce-f43d32f8d9fa,2019-10-18,kmfg,NULL,uuid:3cf256c4-be3f-4e39-adce-f43d32f8d9fa,brachymyrmexsp
20191013k7,p179,uid:maritzafg|2019-08-27T17:32:44.140548Z,2019-10-31T14:54:08Z,2019-10-31T14:54:08Z,uuid:d2315b6c-c3ed-442d-891c-912a76474545,2019-10-18,kmfg,NULL,uuid:d2315b6c-c3ed-442d-891c-912a76474545,dorymyrmexsp
20191012k4,p66,uid:maritzafg|2019-08-27T17:32:44.140548Z,2019-10-31T14:56:16Z,2019-10-31T14:56:16Z,uuid:936c79d7-6164-4fd4-8076-db7cdf6dc3cb,2019-10-16,kmfg,NULL,uuid:936c79d7-6164-4fd4-8076-db7cdf6dc3cb,solenopsissp
20191012k4.2,p66,uid:maritzafg|2019-08-27T17:32:44.140548Z,2019-10-31T14:56:16Z,2019-10-31T14:56:16Z,uuid:2c0b3cef-fb22-4b24-8b4d-12906cb75fdc,2019-10-18,kmfg,NULL,uuid:2c0b3cef-fb22-4b24-8b4d-12906cb75fdc,dorymyrmexsp
20191012k4.1,p66,uid:maritzafg|2019-08-27T17:32:44.140548Z,2019-10-31T14:56:16Z,2019-10-31T14:56:16Z,uuid:22f23020-4745-47ee-84f5-b79ebe97fa15,2019-10-18,kmfg,NULL,uuid:22f23020-4745-47ee-84f5-b79ebe97fa15,solenopsissp
20191012k5.1,p160,uid:maritzafg|2019-08-27T17:32:44.140548Z,2019-10-31T15:02:44Z,2019-10-31T15:02:44Z,uuid:454ae767-1a39-42c3-85fb-1d1a06adbc15,2019-10-18,kmfg,NULL,uuid:454ae767-1a39-42c3-85fb-1d1a06adbc15,"brachymyrmexsp,dorymyrmexsp,pheidolejamaicensis,pseudomyrmexsp,solenopsissp"
20191012k5,p179,uid:maritzafg|2019-08-27T17:32:44.140548Z,2019-10-31T15:02:44Z,2019-10-31T15:02:44Z,uuid:de761dc2-d945-4c75-8bcc-ec5be16d2571,2019-10-24,kmfg,NULL,uuid:de761dc2-d945-4c75-8bcc-ec5be16d2571,solenopsissp
20191013k3,p143,uid:maritzafg|2019-08-27T17:32:44.140548Z,2019-10-31T15:07:41Z,2019-10-31T15:07:41Z,uuid:4119dfa0-e30d-4828-888b-f7ed187588dd,2019-10-16,kmfg,NULL,uuid:4119dfa0-e30d-4828-888b-f7ed187588dd,solenopsissp
20190928k3,p143,uid:maritzafg|2019-08-27T17:32:44.140548Z,2019-10-31T15:07:41Z,2019-10-31T15:07:41Z,uuid:87945b65-c5ed-461c-9bdf-9377c01e1e06,2019-10-16,kmfg,NULL,uuid:87945b65-c5ed-461c-9bdf-9377c01e1e06,brachymyrmexsp
20191014k9,p78,uid:maritzafg|2019-08-27T17:32:44.140548Z,2019-10-31T15:08:38Z,2019-10-31T15:08:38Z,uuid:b9c51b36-6d19-4299-a380-387c82e95b95,2019-10-18,kmfg,NULL,uuid:b9c51b36-6d19-4299-a380-387c82e95b95,dorymyrmexsp
20191014k9.1,p78,uid:maritzafg|2019-08-27T17:32:44.140548Z,2019-10-31T15:08:38Z,2019-10-31T15:08:38Z,uuid:f9cc1dd4-2fbc-4b08-829d-1452fd815c73,2019-10-18,kmfg,NULL,uuid:f9cc1dd4-2fbc-4b08-829d-1452fd815c73,cardiocondylasp
20191014k9.3,p78,uid:maritzafg|2019-08-27T17:32:44.140548Z,2019-10-31T15:08:38Z,2019-10-31T15:08:38Z,uuid:ce0eda19-57d2-443d-8a8f-648a0a459304,2019-10-18,kmfg,NULL,uuid:ce0eda19-57d2-443d-8a8f-648a0a459304,"brachymyrmexheeri,cardiocondylasp"
20191013k8,p131,uid:maritzafg|2019-08-27T17:32:44.140548Z,2019-10-31T15:08:39Z,2019-10-31T15:08:39Z,uuid:8325e6a1-5352-4da2-88f7-1514622db378,2019-10-24,kmfg,NULL,uuid:8325e6a1-5352-4da2-88f7-1514622db378,"brachymyrmexsp,monomoriumsp"
20191012k6,p168,uid:maritzafg|2019-08-27T17:32:44.140548Z,2019-10-31T15:08:39Z,2019-10-31T15:08:39Z,uuid:1e421bbd-c37e-43f8-9e72-60c341c81322,2019-10-24,kmfg,NULL,uuid:1e421bbd-c37e-43f8-9e72-60c341c81322,dorymyrmexsp
20191410k10,p25,uid:maritzafg|2019-08-27T17:32:44.140548Z,2019-10-31T15:08:39Z,2019-10-31T15:08:39Z,uuid:2476d78c-42dc-429b-9334-1f3d2c314c5b,2019-10-24,kmfg,NULL,uuid:2476d78c-42dc-429b-9334-1f3d2c314c5b,dorymyrmexsp
20191410k11,p27,uid:maritzafg|2019-08-27T17:32:44.140548Z,2019-10-31T15:08:39Z,2019-10-31T15:08:39Z,uuid:8d8679b6-66cc-4c1a-8ed4-e10bd3c42c10,2019-10-31,kmfg,NULL,uuid:8d8679b6-66cc-4c1a-8ed4-e10bd3c42c10,"dorymyrmexsp,solenopsissp"
20191012M02,p16,uid:emdilone|2019-08-29T15:45:41.211906Z,2019-10-31T17:06:50Z,2019-10-31T17:06:50Z,uuid:2c59d217-6cf7-4ba0-a237-4e0b8ddf99a5,2019-10-18,emdr,NULL,uuid:2c59d217-6cf7-4ba0-a237-4e0b8ddf99a5,"brachymyrmexsp,dorymyrmexsp"
20191012M03,p40,uid:emdilone|2019-08-29T15:45:41.211906Z,2019-10-31T17:06:50Z,2019-10-31T17:06:50Z,uuid:98a2c2b9-30be-44af-b688-7d4c4b91a847,2019-10-18,emdr,NULL,uuid:98a2c2b9-30be-44af-b688-7d4c4b91a847,solenopsissp
20191013M04,p24,uid:emdilone|2019-08-29T15:45:41.211906Z,2019-10-31T17:06:50Z,2019-10-31T17:06:50Z,uuid:8cd37d88-618e-4158-a8fc-f815d65aac47,2019-10-18,emdr,NULL,uuid:8cd37d88-618e-4158-a8fc-f815d65aac47,"brachymyrmexsp,cardiocondylasp,dorymyrmexsp,paratrechinasp,pheidolesp,tetramoriumsp"
20191013M05,p107,uid:emdilone|2019-08-29T15:45:41.211906Z,2019-10-31T17:06:51Z,2019-10-31T17:06:51Z,uuid:ec5c6c19-982b-4b12-89eb-b44e24789ec7,2019-10-18,emdr,NULL,uuid:ec5c6c19-982b-4b12-89eb-b44e24789ec7,"cardiocondylasp,dorymyrmexsp,pheidolesp,solenopsissp"
20191014M06,p171,uid:emdilone|2019-08-29T15:45:41.211906Z,2019-10-31T17:06:51Z,2019-10-31T17:06:51Z,uuid:af1bf522-b86e-4a86-891c-3b41ae1c4c5a,2019-10-24,emdr,NULL,uuid:af1bf522-b86e-4a86-891c-3b41ae1c4c5a,"brachymyrmexsp,dorymyrmexsp,solenopsissp"
20191025M10,p33,uid:emdilone|2019-08-29T15:45:41.211906Z,2019-10-31T17:06:55Z,2019-10-31T17:06:55Z,uuid:bdf1381b-e75b-4ea7-b5dd-ecd2a5434bfe,2019-10-25,emdr,NULL,uuid:bdf1381b-e75b-4ea7-b5dd-ecd2a5434bfe,"brachymyrmexsp,cardiocondylasp,dorymyrmexsp,pheidolesp,solenopsissp,wasmanniasp"
20191025M09,p42,uid:emdilone|2019-08-29T15:45:41.211906Z,2019-10-31T17:06:56Z,2019-10-31T17:06:56Z,uuid:3655a453-308d-4abb-aa44-795d5a1d6427,2019-10-31,emdr,NULL,uuid:3655a453-308d-4abb-aa44-795d5a1d6427,"brachymyrmexsp,dorymyrmexsp,paratrechinasp,solenopsissp"
20191024M08,p134,uid:emdilone|2019-08-29T15:45:41.211906Z,2019-10-31T17:06:57Z,2019-10-31T17:06:57Z,uuid:d150b6e8-f225-46e2-b14f-29ac48c9f4a2,2019-10-31,emdr,NULL,uuid:d150b6e8-f225-46e2-b14f-29ac48c9f4a2,"brachymyrmexsp,cardiocondylasp,pheidolesp,solenopsissp"
20191026M11,p132,uid:emdilone|2019-08-29T15:45:41.211906Z,2019-10-31T17:06:57Z,2019-10-31T17:06:57Z,uuid:85e1eea9-73b5-4b9c-ba52-b2c10af6ad57,2019-10-31,emdr,NULL,uuid:85e1eea9-73b5-4b9c-ba52-b2c10af6ad57,"dorymyrmexsp,pheidolesp,pseudomyrmexsp,solenopsissp,tetramoriumsp"
H20190914m1,p148,uid:mangoland|2019-08-27T17:32:44.139596Z,2019-11-01T01:09:37Z,2019-11-01T01:09:37Z,uuid:a69d441b-b97f-43cf-81b6-98bf15b72546,2019-09-14,"mlt,otra","Juda Martínez, Diyael Sosa",uuid:a69d441b-b97f-43cf-81b6-98bf15b72546,"dorymyrmexantillana,paratrechinalongicornis"
H20191012m2,p107,uid:mangoland|2019-08-27T17:32:44.139596Z,2019-11-01T01:09:38Z,2019-11-01T01:09:38Z,uuid:fd53295f-ab64-4e52-b3be-3593b2d5e97d,2019-10-12,"mlt,otra",Diyael Sosa,uuid:fd53295f-ab64-4e52-b3be-3593b2d5e97d,"dorymyrmexantillana,monomoriumpharaonis"
H20191012m3,p86,uid:mangoland|2019-08-27T17:32:44.139596Z,2019-11-01T01:09:38Z,2019-11-01T01:09:38Z,uuid:76381b03-d0a6-4dca-a47d-d8ba71ab5d2a,2019-10-12,"mlt,otra",Diyael Sosa,uuid:76381b03-d0a6-4dca-a47d-d8ba71ab5d2a,"brachymyrmexsp,dorymyrmexantillana"
H20191012m5,p16,uid:mangoland|2019-08-27T17:32:44.139596Z,2019-11-01T01:09:39Z,2019-11-01T01:09:39Z,uuid:37554158-d070-4458-a13a-262bc1717267,2019-10-12,"mlt,otra",Diyael Sosa,uuid:37554158-d070-4458-a13a-262bc1717267,"brachymyrmexsp,dorymyrmexantillana,pheidolejelskii,pheidolesubarmata,solenopsisgeminata"
H20191012m6,p28,uid:mangoland|2019-08-27T17:32:44.139596Z,2019-11-01T01:09:39Z,2019-11-01T01:09:39Z,uuid:6f164603-1113-460d-a850-75b5cf4284a0,2019-10-12,"mlt,otra",Diyael Sosa,uuid:6f164603-1113-460d-a850-75b5cf4284a0,"brachymyrmexsp,dorymyrmexantillana,solenopsisgeminata"
H20191012m7,p178,uid:mangoland|2019-08-27T17:32:44.139596Z,2019-11-01T01:09:39Z,2019-11-01T01:09:39Z,uuid:a6c7b0cf-844d-4ca1-894e-81e6707c6bfb,2019-10-12,"mlt,otra",Diyael Sosa,uuid:a6c7b0cf-844d-4ca1-894e-81e6707c6bfb,"dorymyrmexantillana,paratrechinalongicornis"
H20191013m8,p8,uid:mangoland|2019-08-27T17:32:44.139596Z,2019-11-01T02:33:55Z,2019-11-01T02:33:55Z,uuid:bc9ed3ac-c522-4907-a049-011e5e20b0b9,2019-10-15,"mlt,otra",Diyael Sosa,uuid:bc9ed3ac-c522-4907-a049-011e5e20b0b9,"dorymyrmexantillana,paratrechinalongicornis"
H20191013m10,p122,uid:mangoland|2019-08-27T17:32:44.139596Z,2019-11-01T02:33:56Z,2019-11-01T02:33:56Z,uuid:61427a1f-6fd4-433c-a898-94ce7d88afb8,2019-10-15,"mlt,otra",Diyael Sosa,uuid:61427a1f-6fd4-433c-a898-94ce7d88afb8,"brachymyrmexheeri,dorymyrmexantillana"
20190928k2.1,p157,uid:maritzafg|2019-08-27T17:32:44.140548Z,2019-11-02T22:10:07Z,2019-11-02T22:10:07Z,uuid:352513f6-a40b-48ca-b7a4-e9fb3b7aea2f,2019-10-18,kmfg,NULL,uuid:352513f6-a40b-48ca-b7a4-e9fb3b7aea2f,dorymyrmexsp
20191013k.1,p146,uid:maritzafg|2019-08-27T17:32:44.140548Z,2019-11-05T20:41:45Z,2019-11-05T20:41:45Z,uuid:06abfb14-6976-41c5-a09e-3f9b2f5c45cf,2019-10-24,kmfg,NULL,uuid:06abfb14-6976-41c5-a09e-3f9b2f5c45cf,"dorymyrmexsp,reina(s),solenopsissp,wasmanniasp"
H20191013m11,p135,uid:jorge-mutonen|2019-08-27T17:32:44.138229Z,2019-11-19T16:00:40Z,2019-11-19T16:00:40Z,uuid:a12fd142-23bf-4f84-bfce-3e0ec6cb61e6,2019-11-07,"jdmp,otra",Dijael,uuid:a12fd142-23bf-4f84-bfce-3e0ec6cb61e6,"brachymyrmexsp,dorymyrmexantillana,pheidolesubarmata"
H20191013m10,p182,uid:jorge-mutonen|2019-08-27T17:32:44.138229Z,2019-11-19T16:16:21Z,2019-11-19T16:16:21Z,uuid:c2fa1ce8-ff4f-4371-9702-b1f18d3dc668,2019-11-07,"jdmp,otra",Dijael,uuid:c2fa1ce8-ff4f-4371-9702-b1f18d3dc668,"dorymyrmexantillana,pheidolesubarmata,solenopsisgeminata"
H20190929m6,p54,uid:jorge-mutonen|2019-08-27T17:32:44.138229Z,2019-11-19T16:16:21Z,2019-11-19T16:16:21Z,uuid:30afc9a5-53d7-4b5d-9ec9-b9cca2899535,2019-11-07,"jdmp,otra",Dijael,uuid:30afc9a5-53d7-4b5d-9ec9-b9cca2899535,"brachymyrmexsp,dorymyrmexantillana,odontomachusbauri,pheidolesubarmata"
H20190929m5,p49,uid:jorge-mutonen|2019-08-27T17:32:44.138229Z,2019-11-19T16:16:22Z,2019-11-19T16:16:22Z,uuid:93fe5a1e-1ce9-4d12-a51a-3854796f66ce,2019-11-07,"jdmp,otra",Dijael,uuid:93fe5a1e-1ce9-4d12-a51a-3854796f66ce,"dorymyrmexantillana,solenopsisgeminata"
H20190929m4,p44,uid:jorge-mutonen|2019-08-27T17:32:44.138229Z,2019-11-19T16:16:22Z,2019-11-19T16:16:22Z,uuid:82f6867b-3277-4ed6-aa56-c18581864fe6,2019-11-07,"jdmp,otra",Dijael,uuid:82f6867b-3277-4ed6-aa56-c18581864fe6,"dorymyrmexantillana,paratrechinalongicornis,pheidolesubarmata,solenopsisgeminata"
H20190927,p64,uid:jorge-mutonen|2019-08-27T17:32:44.138229Z,2019-11-19T16:16:22Z,2019-11-19T16:16:22Z,uuid:fbffa2be-464b-4da7-bfd3-00b477ab838b,2019-11-07,"jdmp,otra",Dijael,uuid:fbffa2be-464b-4da7-bfd3-00b477ab838b,"dorymyrmexantillana,solenopsisgeminata"
H20190926m1,p28,uid:jorge-mutonen|2019-08-27T17:32:44.138229Z,2019-11-19T16:16:23Z,2019-11-19T16:16:23Z,uuid:a3359016-524b-4ed2-9cff-dee2b05623da,2019-11-12,"jdmp,otra",Dijael,uuid:a3359016-524b-4ed2-9cff-dee2b05623da,"brachymyrmexsp,pheidolejelskii,solenopsisgeminata"
H20190928m3,p25,uid:jorge-mutonen|2019-08-27T17:32:44.138229Z,2019-11-19T16:16:23Z,2019-11-19T16:16:23Z,uuid:889fa4e3-2bc3-4fef-9906-905e5aa247f8,2019-11-07,"jdmp,otra",Dijael,uuid:889fa4e3-2bc3-4fef-9906-905e5aa247f8,"brachymyrmexsp,dorymyrmexantillana,pheidolejelskii,solenopsisgeminata"
H20191012m7,p88,uid:jorge-mutonen|2019-08-27T17:32:44.138229Z,2019-11-19T16:16:23Z,2019-11-19T16:16:23Z,uuid:15a054ec-6ddb-40bc-a9d1-68f9686914cb,2019-11-12,"jdmp,otra",Dijael,uuid:15a054ec-6ddb-40bc-a9d1-68f9686914cb,"brachymyrmexsp,dorymyrmexantillana,pheidolesubarmata,solenopsisgeminata"
H20191012m8,p41,uid:jorge-mutonen|2019-08-27T17:32:44.138229Z,2019-11-24T16:57:15Z,2019-11-24T16:57:15Z,uuid:a141d4d8-1bd4-4d33-bf5f-e77f609ba7aa,2019-11-22,"jdmp,otra","Dijael, Freddy, Jesús",uuid:a141d4d8-1bd4-4d33-bf5f-e77f609ba7aa,solenopsisgeminata
H20191012m9,p158,uid:jorge-mutonen|2019-08-27T17:32:44.138229Z,2019-11-24T16:57:16Z,2019-11-24T16:57:16Z,uuid:eaf317f3-aec8-4b8e-85ee-2459c414ae86,2019-11-22,"jdmp,otra","Dijael, Freddy, Jesús",uuid:eaf317f3-aec8-4b8e-85ee-2459c414ae86,solenopsisgeminata
